{"cameraMode":{"drawMode":0,"name":"Shaded","section":"Shading Mode"},"sceneLighting":true,"audioPlay":false,"sceneViewState":{"showFog":true,"showMaterialUpdate":false,"showSkybox":true,"showFlares":true,"showImageEffects":true,"showParticleSystems":true},"in2DMode":false,"pivot":{"x":5.761302947998047,"y":0.6352213025093079,"z":-2.541203737258911},"rotation":{"x":-0.09266094118356705,"y":-0.40049004554748537,"z":0.04075373336672783,"w":-0.9106983542442322},"size":6.6032304763793949,"orthographic":false}